{"mean": {"0": [0.0, 0.0, 0.0, 0.0, 0.0, 0.0, 0.0, 0.3333333333333333, 0.16666666666666666, 0.16666666666666666, 0.16666666666666666, 0.16666666666666666, 0.16666666666666666, 0.16666666666666666, 0.3333333333333333, 0.16666666666666666, 0.3333333333333333, 0.3333333333333333, 0.0, 0.0, 0.0, 0.16666666666666666, 0.16666666666666666, 0.16666666666666666, 0.16666666666666666, 0.0, 0.0, 0.0, 0.0, 0.0, 0.0, 0.16666666666666666, 0.16666666666666666, 0.16666666666666666, 0.16666666666666666, 0.5, 0.16666666666666666, 0.16666666666666666], "1": [0.2, 0.2, 0.4, 0.4, 0.2, 0.2, 0.2, 0.4, 0.0, 0.0, 0.0, 0.0, 0.0, 0.0, 0.2, 0.0, 0.0, 0.0, 0.2, 0.2, 0.2, 0.0, 0.0, 0.0, 0.0, 0.2, 0.2, 0.2, 0.2, 0.2, 0.2, 0.0, 0.0, 0.0, 0.0, 0.0, 0.0, 0.0]}, "var": {"0": [0.0, 0.0, 0.0, 0.0, 0.0, 0.0, 0.0, 0.22222222222222224, 0.13888888888888892, 0.13888888888888892, 0.13888888888888892, 0.13888888888888892, 0.13888888888888892, 0.13888888888888892, 0.22222222222222224, 0.13888888888888892, 0.22222222222222224, 0.22222222222222224, 0.0, 0.0, 0.0, 0.13888888888888892, 0.13888888888888892, 0.13888888888888892, 0.13888888888888892, 0.0, 0.0, 0.0, 0.0, 0.0, 0.0, 0.13888888888888892, 0.13888888888888892, 0.13888888888888892, 0.13888888888888892, 0.5833333333333334, 0.1388888888888889, 0.13888888888888892], "1": [0.16000000000000006, 0.16000000000000006, 0.24000000000000005, 0.24000000000000005, 0.16000000000000006, 0.16000000000000006, 0.16000000000000006, 0.24000000000000005, 0.0, 0.0, 0.0, 0.0, 0.0, 0.0, 0.16000000000000006, 0.0, 0.0, 0.0, 0.16000000000000006, 0.16000000000000006, 0.16000000000000006, 0.0, 0.0, 0.0, 0.0, 0.16000000000000003, 0.16000000000000003, 0.16000000000000003, 0.16000000000000003, 0.16000000000000003, 0.16000000000000003, 0.0, 0.0, 0.0, 0.0, 0.0, 0.0, 0.0]}, "priors": {"0": 0.5454545454545454, "1": 0.45454545454545453}, "classes": [0, 1]}